0;"GameStage"
309;"LoadingMC"
301;"mw_fla.Screenshots_1"
275;"RoadPath1"
274;"RoadPath2"
273;"RoadPath3"
272;"RoadPath4"
271;"RoadPath5"
270;"MainMenuButton"
268;"game.ui.PlanetsBackground"
267;"mw_fla.AllPanels_306"
266;"mw_fla.SinglePlanetZones_307"
265;"mw_fla.PlanetInfoSinglePanel_308"
252;"mw_fla.flag_button_base_304"
235;"mw_fla.Kespryt_297"
234;"mw_fla.Kespryt_c_302"
231;"mw_fla.Kespryt_b_300"
228;"mw_fla.Kespryt_a_298"
223;"mw_fla.Zakdern_286"
222;"mw_fla.Zakdern_c_295"
219;"mw_fla.Zakdern_b_293"
216;"mw_fla.Zakdern_a_291"
207;"mw_fla.Grazerit_279"
206;"mw_fla.Grazerit_c_284"
203;"mw_fla.Grazerit_b_282"
200;"mw_fla.Grazerit_a_280"
195;"mw_fla.Betazedd_272"
194;"mw_fla.Betazedd_c_277"
190;"mw_fla.Betazedd_b_275"
186;"mw_fla.Betazedd_a_273"
180;"mw_fla.Arcad_265"
179;"mw_fla.Arcad_c_270"
176;"mw_fla.Arcad_b_268"
173;"mw_fla.Arcad_a_266"
167;"mw_fla.Yohada_258"
166;"mw_fla.Yohada_c_263"
163;"mw_fla.Yohada_b_261"
159;"mw_fla.Yohada_a_259"
154;"mw_fla.Acturus_251"
153;"mw_fla.Acturus_c_256"
150;"mw_fla.Acturus_b_254"
147;"mw_fla.Acturus_a_252"
142;"mw_fla.Xelacia_244"
141;"mw_fla.Xelacia_c_249"
138;"mw_fla.Xelacia_b_247"
135;"mw_fla.Xelacia_a_245"
130;"mw_fla.Rhandaran_237"
129;"mw_fla.Rhandaran_c_242"
126;"mw_fla.Rhandaran_b_240"
123;"mw_fla.Rhandaran_a_238"
118;"mw_fla.Kasheta_230"
117;"mw_fla.Kasheta_c_235"
114;"mw_fla.Kasheta_b_233"
111;"mw_fla.Kasheta_a_231"
106;"mw_fla.Ariola_223"
105;"mw_fla.Ariola_c_228"
102;"mw_fla.Ariola_b_226"
99;"mw_fla.Ariola_a_224"
94;"mw_fla.Vulcano_214"
93;"mw_fla.Vulcano_c_221"
90;"mw_fla.Vulcano_a_219"
87;"mw_fla.Vilcano_b_215"
77;"OptionsButton"
74;"CloseButton"
69;"CaterpilarMoving"
65;"BlueCaterpillarMoving"
61;"fl.controls.Slider"
60;"focusRectSkin"
58;"SliderTrack_disabledSkin"
56;"SliderTick_skin"
54;"SliderTrack_skin"
52;"SliderThumb_disabledSkin"
50;"SliderThumb_downSkin"
48;"SliderThumb_overSkin"
46;"SliderThumb_upSkin"
44;"fl.core.ComponentShim"
41;"game.ui.controls.LevelInfoPanel"
32;"game.ui.controls.LevelButton"
29;"EnemyRoadPath1"
28;"EnemyRoadPath2"
27;"EnemyRoadPath3"
26;"EnemyRoadPath4"
25;"EnemyRoadPath5"
24;"RoadPoint"
22;"Nuke"
1229;"mw_fla.PreloadingStuff_13"
1228;"mw_fla.SoundStubs_485"
1227;"Sound_artillery_strike"
1226;"Sound_caterpillar_hit"
1225;"Sound_explosion"
1224;"Sound_explosion1"
1223;"Sound_hit"
1222;"Sound_nuclear_counting"
1221;"Sound_hit3"
1220;"Sound_marine_shot"
1219;"Sound_mm_shot"
1218;"Sound_specialist_attack"
1217;"Sound_storm_attack"
1216;"Sound_storm_tank_shot"
1215;"Sound_caterpillar_death"
1214;"Sound_marine_death"
1213;"Sound_marine_death_expl"
1212;"Sound_ArcticWind"
1211;"Sound_levels_music"
1210;"Sound_WindLoop"
1209;"Sound_camera"
1208;"Sound_defeat"
1207;"Sound_doors_open"
1206;"Sound_final_attack"
1205;"Sound_click"
1204;"Sound_menu_appear"
1203;"Sound_mine_set"
1202;"Sound_vulture"
1201;"Sound_stun"
1200;"Sound_door_reach"
1199;"Sound_victory_music"
1198;"Sound_hit1"
1196;"RedSpecialist"
1195;"mw_fla.Deathbytank_483"
1188;"mw_fla.DeathbybulletSF_481"
1186;"mw_fla.ShootingSFred_477"
1185;"mw_fla.ShootingactionSFred_478"
1173;"BlueSpecialist"
1172;"mw_fla.Deathbytank_469"
1170;"mw_fla.DeathbybulletSF_467"
1168;"mw_fla.ShootingSF_463"
1167;"mw_fla.ShootingactionSF_464"
1153;"RedStormTank"
1152;"mw_fla.Redstormtankattack_455"
1144;"BlueStormTank"
1143;"mw_fla.Bluestormtankattackcanon_451"
1136;"RedVulture"
1135;"mw_fla.Redvtolgoingup_448"
1134;"mw_fla.Redvtollanding_447"
1131;"BlueVulture"
1130;"mw_fla.Bluevtolgoingup_445"
1129;"mw_fla.DustEffect_444"
1128;"mw_fla.Bluevtollanding_443"
1127;"RedMissileMan"
1126;"mw_fla.Deathbytank_440"
1115;"mw_fla.Deathbybulletmmred_438"
1101;"mw_fla.Shootingmmred_434"
1100;"mw_fla.ShootingactionwhitRL_435"
1078;"BlueMissileMan"
1077;"mw_fla.Deathbytank_426"
1066;"mw_fla.Deathbybulletmm_424"
1052;"mw_fla.Shootingmm_420"
1051;"mw_fla.ShootingactionwhitRL_421"
1025;"RedMinerDroid"
1024;"mw_fla.Movingandplacingminesred_413"
1023;"mw_fla.Movingred_412"
1022;"RedMine"
1017;"BlueMinerDroid"
1016;"mw_fla.Movingandplacingminesred_408"
1015;"mw_fla.Movingred_407"
1014;"BlueMine"
1009;"RedMarine"
1008;"mw_fla.Deathbytank_402"
1006;"mw_fla.Deathbybulletred_400"
1004;"mw_fla.Shootingred_397"
1003;"mw_fla.Shootingactionred_398"
992;"BlueMarine"
991;"mw_fla.Deathbytank_385"
978;"mw_fla.MarineBigBlood_386"
971;"mw_fla.Deathbybullet_382"
969;"mw_fla.MarineSmallBlood_383"
967;"mw_fla.Shooting_379"
966;"mw_fla.Shootingaction_380"
954;"RedGrenadier"
952;"BlueGrenadier"
950;"LaserBeam"
946;"BlueCaterpillar"
945;"mw_fla.Caterpilarshooting_365"
943;"RedLaserBeam"
939;"RedCaterpillar"
938;"mw_fla.Caterpilarshooting_359"
935;"StormTankImpact"
932;"StormTankBullet"
931;"SFImpact"
930;"SFBullet"
927;"MMBullet"
922;"MMImpact"
919;"MarineBulletImpact"
913;"MarineBullet"
909;"CaterpillarImpact"
904;"game.ui.Story"
898;"game.ui.Statistics"
882;"mw_fla.StatCaption_327"
881;"mw_fla.StatCaptionInner_328"
872;"game.ui.LevelSelection"
871;"mw_fla.OptionsDialog_315"
861;"game.ui.controls.SoundControlMC"
820;"NewFacility"
818;"game.ui.PlayWindowUI"
817;"mw_fla.PauseMC_204"
807;"mw_fla.GameMenu_192"
805;"mw_fla.StormMessage_199"
801;"mw_fla.RedShipIcon_198"
790;"mw_fla.BlueShipIcon_197"
780;"mw_fla.BuildButtons_193"
777;"mw_fla.UnitButton_194"
762;"StormBar"
758;"game.ui.BalanceBar"
756;"GrandStormBar"
751;"game.ui.Instructions"
738;"game.ui.GameShop"
737;"mw_fla.LevelClosedMessageMC_175"
728;"mw_fla.EquipmentSlot_172"
727;"SlotFrame"
700;"mw_fla.flongabot_167"
689;"mw_fla.fb_head_mc_169"
631;"game.ui.FinalClip"
624;"ALlMapHolder"
623;"LevelMap0"
612;"mw_fla.StormHatchArrows_142"
611;"mw_fla.UnitIcon_62"
582;"mw_fla.RedMinerIcon_129"
578;"mw_fla.fb_head_mc_130"
575;"mw_fla.BlueMinerIcon_126"
570;"mw_fla.fb_head_mc_127"
451;"mw_fla.UnitIconBack_63"
448;"mw_fla.SpecialTarget_60"
445;"mw_fla.HatchArrows_57"
440;"mw_fla.UnitMaskLayer_53"
439;"mw_fla.UnitLayerHolder_54"
438;"mw_fla.RoadHolder_55"
431;"mw_fla.LevelBack1_51"
404;"RedStormTankDeath"
395;"BlueStormTankDeath"
384;"NukeCounting"
377;"MinerExplosion"
376;"mw_fla.Redminedroidexplotion_42"
371;"MineExplosion"
369;"VictoryMessage"
361;"DefeatMessage"
355;"HatchExplosion"
352;"GrenadierExplosion"
346;"GrandStormMessage"
342;"RedForceField"
340;"ForceField"
337;"Crater"
334;"RedCaterpilarDeath"
330;"BlueCaterpilarDeath"
318;"AStrike3"
317;"AStrike2"
316;"AStrike1"
1260;"mw_fla.FlongaIntro_490"
1258;"Sound_victory"
1252;"mw_fla.flongabot_492"
1238;"game.ui.WelcomeScreen"
